{
  "model": "Gemma-4-E2B-it",
  "yontem": "QLoRA (4-bit, Unsloth, fp16)",
  "seed": 42,
  "test_size": 80,
  "accuracy": 0.7875,
  "f1_macro": 0.7401,
  "f1_weighted": 0.7654,
  "inference_ms": 1797.6,
  "egitim_suresi_s": 718.0,
  "peak_gpu_gb": 9.73,
  "parse_basarisiz": 0,
  "confusion_matrix": [
    [
      28,
      0,
      0,
      1,
      0
    ],
    [
      6,
      3,
      1,
      0,
      0
    ],
    [
      0,
      0,
      10,
      0,
      0
    ],
    [
      0,
      0,
      0,
      11,
      0
    ],
    [
      2,
      0,
      1,
      6,
      11
    ]
  ],
  "classification_report": {
    "Yardım Talebi": {
      "precision": 0.7777777777777778,
      "recall": 0.9655172413793104,
      "f1-score": 0.8615384615384616,
      "support": 29.0
    },
    "Kayıp Bildirimi": {
      "precision": 1.0,
      "recall": 0.3,
      "f1-score": 0.46153846153846156,
      "support": 10.0
    },
    "Altyapı Hasarı": {
      "precision": 0.8333333333333334,
      "recall": 1.0,
      "f1-score": 0.9090909090909091,
      "support": 10.0
    },
    "Bağış/Koordinasyon": {
      "precision": 0.6111111111111112,
      "recall": 1.0,
      "f1-score": 0.7586206896551724,
      "support": 11.0
    },
    "Diğer/İlgisiz": {
      "precision": 1.0,
      "recall": 0.55,
      "f1-score": 0.7096774193548387,
      "support": 20.0
    },
    "accuracy": 0.7875,
    "macro avg": {
      "precision": 0.8444444444444444,
      "recall": 0.7631034482758621,
      "f1-score": 0.7400931882355687,
      "support": 80.0
    },
    "weighted avg": {
      "precision": 0.8451388888888889,
      "recall": 0.7875,
      "f1-score": 0.7653660633026595,
      "support": 80.0
    }
  }
}