{
  "model": "Qwen2.5-1.5B-Instruct",
  "yontem": "QLoRA (4-bit NF4, bf16)",
  "seed": 42,
  "test_size": 80,
  "accuracy": 0.925,
  "f1_macro": 0.9139,
  "f1_weighted": 0.9252,
  "inference_ms": 1120.4,
  "egitim_suresi_s": 2151.0,
  "peak_gpu_gb": 5.07,
  "egitilen_param": 4358144,
  "parse_basarisiz": 0,
  "confusion_matrix": [
    [
      29,
      0,
      0,
      0,
      0
    ],
    [
      1,
      8,
      0,
      1,
      0
    ],
    [
      0,
      0,
      10,
      0,
      0
    ],
    [
      2,
      0,
      0,
      9,
      0
    ],
    [
      0,
      0,
      0,
      2,
      18
    ]
  ],
  "classification_report": {
    "Yardım Talebi": {
      "precision": 0.90625,
      "recall": 1.0,
      "f1-score": 0.9508196721311475,
      "support": 29.0
    },
    "Kayıp Bildirimi": {
      "precision": 1.0,
      "recall": 0.8,
      "f1-score": 0.8888888888888888,
      "support": 10.0
    },
    "Altyapı Hasarı": {
      "precision": 1.0,
      "recall": 1.0,
      "f1-score": 1.0,
      "support": 10.0
    },
    "Bağış/Koordinasyon": {
      "precision": 0.75,
      "recall": 0.8181818181818182,
      "f1-score": 0.782608695652174,
      "support": 11.0
    },
    "Diğer/İlgisiz": {
      "precision": 1.0,
      "recall": 0.9,
      "f1-score": 0.9473684210526315,
      "support": 20.0
    },
    "accuracy": 0.925,
    "macro avg": {
      "precision": 0.93125,
      "recall": 0.9036363636363637,
      "f1-score": 0.9139371355449685,
      "support": 80.0
    },
    "weighted avg": {
      "precision": 0.931640625,
      "recall": 0.925,
      "f1-score": 0.9252340431739838,
      "support": 80.0
    }
  }
}