{
  "model": "SmolLM2-360M-Instruct",
  "yontem": "QLoRA (4-bit NF4, bf16)",
  "seed": 42,
  "test_size": 80,
  "accuracy": 0.6625,
  "f1_macro": 0.5882,
  "f1_weighted": 0.6631,
  "inference_ms": 1542.5,
  "egitim_suresi_s": 696.0,
  "peak_gpu_gb": 1.81,
  "egitilen_param": 3276800,
  "parse_basarisiz": 0,
  "confusion_matrix": [
    [
      26,
      0,
      0,
      0,
      3
    ],
    [
      0,
      4,
      2,
      4,
      0
    ],
    [
      0,
      3,
      5,
      2,
      0
    ],
    [
      2,
      3,
      0,
      5,
      1
    ],
    [
      4,
      1,
      0,
      2,
      13
    ]
  ],
  "classification_report": {
    "Yardım Talebi": {
      "precision": 0.8125,
      "recall": 0.896551724137931,
      "f1-score": 0.8524590163934426,
      "support": 29.0
    },
    "Kayıp Bildirimi": {
      "precision": 0.36363636363636365,
      "recall": 0.4,
      "f1-score": 0.38095238095238093,
      "support": 10.0
    },
    "Altyapı Hasarı": {
      "precision": 0.7142857142857143,
      "recall": 0.5,
      "f1-score": 0.5882352941176471,
      "support": 10.0
    },
    "Bağış/Koordinasyon": {
      "precision": 0.38461538461538464,
      "recall": 0.45454545454545453,
      "f1-score": 0.4166666666666667,
      "support": 11.0
    },
    "Diğer/İlgisiz": {
      "precision": 0.7647058823529411,
      "recall": 0.65,
      "f1-score": 0.7027027027027027,
      "support": 20.0
    },
    "accuracy": 0.6625,
    "macro avg": {
      "precision": 0.6079486689780808,
      "recall": 0.5802194357366771,
      "f1-score": 0.588203212166568,
      "support": 80.0
    },
    "weighted avg": {
      "precision": 0.6733325957131104,
      "recall": 0.6625,
      "f1-score": 0.6631321951687188,
      "support": 80.0
    }
  }
}